Point,X,Y,D,R,V,A,AV,AA,T,T2
0,-1.0,0.1,0,9999,0,0,0,0,0,0
1,-1.39823243931,0.0430384292696,22.1407362468,20.230084643,2.5,25.0,0.123578326246,1.23578326246,0.1,0.1
2,-1.42820577724,0.0384234742684,22.1721033155,9.88378048657,0.833936639113,-16.6606336089,0.0843742574257,-0.392040688206,0.1,0.2
3,-1.65124373526,0.00111415133639,0.266867528748,1.61765738219,0.713192153583,-0.35,0.440879608647,1.03339603775,0.344984244373,0.544984244373
4,-1.84239806819,-0.0580682429623,0.251003516471,0.332940586402,0.577010040122,-0.35,1.73307209661,3.32104825881,0.389091752743,0.934075997116
5,-1.55608533216,-0.0721669652326,0.268577280434,3.71510096179,0.721764977473,0.35,0.194278697913,-3.72061706082,0.413585535287,1.3476615324
6,-1.29321362399,-0.0655334585389,0.276577704185,18.23343404,0.845310047045,0.35,0.0463604412197,-0.419048611344,0.352985913064,1.70064744547
7,-1.030614814,-0.0551159480782,0.287857364307,33.3850583566,0.957104607998,0.35,0.0286686516398,-0.0553884401909,0.319413031293,2.02006047676
8,-0.811896179904,-0.0448580211248,0.253377896406,50.3524629553,1.04566426645,0.35,0.0207668941116,-0.0312288369571,0.253027595584,2.27308807234
9,-0.567220832874,-0.032252720794,0.284624835862,67.9680592497,1.13694817087,0.35,0.016727683318,-0.0154871090016,0.260811155472,2.53389922782
10,-0.352791721934,-0.0204783716976,0.260626540457,87.6164957487,1.21453271737,0.35,0.013861918432,-0.0129280604878,0.22167013286,2.75556936068
11,-0.121750314715,-0.00720170363958,0.281463838579,108.783627382,1.29310262878,0.35,0.011886923243,-0.00879787572277,0.224485461182,2.98005482186
12,0.125903388785,0.00757728337997,0.302302906929,130.990971636,1.37248914146,0.35,0.0104777384602,-0.00621282705787,0.226818607638,3.2068734295
13,0.322545485843,0.0196474204632,0.256430595165,153.629819808,1.43639404762,0.35,0.0093497086009,-0.00617809295839,0.182585446175,3.38945887567
14,0.528531999559,0.0325626119622,0.268935435287,176.081041274,1.50049414019,0.35,0.0085216110112,-0.00452158717378,0.183143121624,3.5726019973
15,0.743862929932,0.0463228578772,0.281440740324,200.619949544,1.5647655361,0.35,0.00779965073092,-0.00393154831183,0.183632559748,3.75623455704
16,0.968538276962,0.060928158208,0.293946450874,227.339375998,1.62918804887,0.35,0.00716632585847,-0.00344078018428,0.184064322198,3.94029887924
17,1.20255804065,0.0763785129547,0.306452517245,256.332152045,1.69374450867,0.35,0.00660761631015,-0.00302910572413,0.184447028002,4.12474590724
18,1.445922221,0.0926739221173,0.318958897543,287.69110911,1.75842022535,0.35,0.00611218132806,-0.00268110277898,0.184787761951,4.3095336692
19,1.698630818,0.109814385696,0.331465556206,317.658711031,1.82320256095,0.35,0.00573950122456,-0.00201348153028,0.185092387436,4.49462605663
20,1.87229455859,0.12171083609,0.256415966275,345.526706005,1.87177956893,0.35,0.00541717770695,-0.00232235857795,0.138791451358,4.63341750799
21,2.05011137325,0.133982866225,0.262669495538,370.647074158,1.92026753384,0.35,0.00518085172587,-0.00170586852886,0.138537042615,4.77195455061
22,2.23208126198,0.1466304761,0.268923094772,396.956606263,1.96867304748,0.35,0.00495941625966,-0.00160110713327,0.138301467533,4.91025601814
23,2.41820422478,0.159653665716,0.275176759205,424.48280795,2.01700205734,0.35,0.00475166960727,-0.00150450689035,0.138082885317,5.04833890346
24,2.60848026165,0.173052435072,0.281430484489,453.253184853,2.06525994453,0.35,0.0045565260511,-0.00141531775724,0.137879677669,5.18621858112
25,2.80290937259,0.186826784169,0.287684266655,483.29524261,2.11345159044,0.35,0.00437300309232,-0.00133286660703,0.137690416889,5.32390899801
26,3.0014915576,0.200976713005,0.29393810207,514.636486855,2.16158143417,0.35,0.00420021022486,-0.00125654892916,0.137513839251,5.46142283726
27,3.20422681668,0.215502221583,0.300191987405,547.304423225,2.20965352211,0.35,0.00403733905362,-0.00118582138592,0.137348822659,5.59877165992
28,3.41111514982,0.2304033099,0.306445919604,581.326557356,2.25767155084,0.35,0.00388365458669,-0.00112019516094,0.137194367815,5.73596602774
29,3.62215655704,0.245679977958,0.312699895854,616.730394887,2.30563890464,0.35,0.00373848755267,-0.00105923003639,0.137049582274,5.87301561001
30,3.83735103833,0.261332225757,0.318953913563,653.543441455,2.35355868804,0.35,0.00360122761358,-0.00100252912815,0.136913666879,6.00992927689
31,4.05669859369,0.277360053295,0.325207970338,691.793202697,2.40143375451,0.35,0.00347131736067,-0.0009497342119,0.136785904191,6.14671518108
32,4.28019922312,0.293763460574,0.331462063968,-2130.03625481,2.44926673151,0.35,-0.00114987091228,-0.0338138246248,0.136665648569,6.28338082965
33,4.50729985255,0.310406867854,0.337716192404,-87.6486485528,2.49706004268,0.35,-0.0284894300587,-0.200213073051,0.136552317638,6.41993314729
34,4.73468203756,0.32647679669,0.341724499361,-75.3496067217,2.5,0.0214955955224,-0.033178673503,-0.0342855591123,0.136770219466,6.55670336675
35,4.96179270408,0.341837667345,0.341804053054,-75.0337418559,2.5,0.0,-0.0333183436967,-0.00102156624827,0.136721621222,6.69342498798
36,5.18863185211,0.356489479816,0.341325150558,-74.7208240013,2.5,0.0,-0.0334578751428,-0.00102198333391,0.136530060223,6.8299550482
37,5.41519948165,0.370432234104,0.340849380677,-74.4108432915,2.5,0.0,-0.0335972539675,-0.00102229043545,0.136339752271,6.96629480047
38,5.6414955927,0.38366593021,0.340376756547,-74.1037899175,2.5,0.0,-0.0337364661481,-0.00102248595103,0.136150702619,7.10244550309
39,5.86752018526,0.396190568133,0.339907291289,-73.7996541281,2.5,0.0,-0.0338754975147,-0.00102256828629,0.135962916515,7.2384084196
40,6.09327325933,0.408006147874,0.33944099801,-73.4984262303,2.5,0.0,-0.0340143337514,-0.00102253585685,0.135776399204,7.37418481881
41,6.31875481491,0.419112669432,0.3389778898,-73.2000965899,2.5,0.0,-0.0341529603985,-0.00102238708817,0.13559115592,7.50977597473
42,6.543964852,0.429510132806,0.338517979732,-72.9046556317,2.5,0.0,-0.0342913628538,-0.00102212041652,0.135407191893,7.64518316662
43,6.7689033706,0.439198537999,0.338061280857,-72.6120938396,2.5,0.0,-0.0344295263751,-0.00102173429073,0.135224512343,7.78040767896
44,6.99357037071,0.448177885008,0.337607806207,-72.322401758,2.5,0.0,-0.0345674360811,-0.00102122717182,0.135043122483,7.91545080145
45,7.21796585233,0.456448173835,0.337157568792,-72.0355699908,2.5,0.0,-0.0347050769546,-0.00102059753528,0.134863027517,8.05031382896
46,7.44208981546,0.464009404479,0.336710581598,-71.7515892032,2.5,0.0,-0.0348424338438,-0.00101984387119,0.134684232639,8.1849980616
47,7.6659422601,0.47086157694,0.336266857586,-71.4704501211,2.5,0.0,-0.0349794914649,-0.00101896468516,0.134506743035,8.31950480464
48,7.88952318625,0.477004691218,0.335826409692,-71.1921435318,2.5,0.0,-0.0351162344042,-0.0010179585001,0.134330563877,8.45383536851
49,8.11283259391,0.482438747314,0.335389250821,-70.9166602848,2.5,0.0,-0.0352526471207,-0.00101682385632,0.134155700328,8.58799106884
50,8.33587048308,0.487163745227,0.334955393851,-70.6439912915,2.5,0.0,-0.0353887139486,-0.00101555931294,0.133982157541,8.72197322638
51,8.55863685377,0.491179684957,0.334524851631,-70.3741275261,2.5,0.0,-0.0355244190995,-0.00101416344896,0.133809940652,8.85578316704
52,8.78113170596,0.494486566505,0.334097636973,-70.107060026,2.5,0.0,-0.0356597466657,-0.00101263486451,0.133639054789,8.98942222182
53,9.00335503966,0.49708438987,0.33367376266,-69.8427798918,2.5,0.0,-0.0357946806223,-0.00101097218096,0.133469505064,9.12289172689
54,9.22530685487,0.498973155052,0.333253241437,-69.5812782884,2.5,0.0,-0.0359292048306,-0.00100917404271,0.133301296575,9.25619302346
55,9.44698715159,0.500152862051,0.332836086014,-69.3225464445,2.5,0.0,-0.036063303041,-0.00100723911848,0.133134434406,9.38932745787
56,9.66839592982,0.500623510868,0.332422309062,-69.0665756536,2.5,0.0,-0.0361969588957,-0.00100516610241,0.132968923625,9.52229638149
57,9.88953318956,0.500385101502,0.332011923212,-68.8133572747,2.5,0.0,-0.0363301559321,-0.00100295371251,0.132804769285,9.65510115078
58,10.1103989308,0.499437633953,0.331604941055,-68.5628827318,2.5,0.0,-0.0364628775861,-0.0010006006967,0.132641976422,9.7877431272
59,10.3309931536,0.497781108221,0.331201375137,-68.3151435149,2.5,0.0,-0.0365951071954,-0.000998105829712,0.132480550055,9.92022367726
60,10.5513158578,0.495415524307,0.330801237962,-68.0701311806,2.5,0.0,-0.0367268280029,-0.000995467914702,0.132320495185,10.0525441724
61,10.7713670436,0.49234088221,0.330404541987,-67.8278373516,2.5,0.0,-0.03685802316,-0.000992685787334,0.132161816795,10.1847059892
62,10.9911467109,0.48855718193,0.330011299621,-67.5882537184,2.5,0.0,-0.0369886757308,-0.000989758312347,0.132004519849,10.3167105091
63,11.2106548597,0.484064423467,0.329621523226,-67.3513720384,2.5,0.0,-0.0371187686952,-0.000986684388466,0.13184860929,10.4485591184
64,11.42989149,0.478862606822,0.32923522511,-67.1171841372,2.5,0.0,-0.0372482849532,-0.000983462947512,0.131694090044,10.5802532084
65,11.6488566019,0.472951731994,0.328852417531,-66.8856819088,2.5,0.0,-0.0373772073283,-0.000980092955426,0.131540967012,10.7117941754
66,11.8675501952,0.466331798983,0.328473112694,-66.6568573154,2.5,0.0,-0.0375055185721,-0.000976573414962,0.131389245078,10.8431834205
67,12.08597227,0.459002807789,0.328097322746,-66.4307023889,2.5,0.0,-0.0376332013677,-0.000972903364236,0.131238929098,10.9744223496
68,12.3041228264,0.450964758413,0.327725059778,-66.2072092302,2.5,0.0,-0.0377602383346,-0.000969081880337,0.131090023911,11.1055123735
69,12.5220018642,0.442217650854,0.327356335823,-65.9863700104,2.5,0.0,-0.0378866120323,-0.000965108078357,0.130942534329,11.2364549078
70,12.7396093836,0.432761485112,0.326991162852,-65.7681769706,2.5,0.0,-0.038012304965,-0.000960981114037,0.130796465141,11.367251373
71,12.9569453845,0.422596261188,0.326629552777,-65.5526224228,2.5,0.0,-0.0381372995862,-0.000956700183142,0.130651821111,11.4979031941
72,13.1740098669,0.411721979081,0.326271517442,-65.3396987499,2.5,0.0,-0.0382615783028,-0.000952264524701,0.130508606977,11.6284118011
73,13.3908028308,0.400138638791,0.325917068629,-65.1293984063,2.5,0.0,-0.03838512348,-0.000947673419406,0.130366827452,11.7587786285
74,13.6073242762,0.387846240318,0.325566218052,-64.9217139183,2.5,0.0,-0.0385079174457,-0.000942926192677,0.130226487221,11.8890051157
75,13.8235742031,0.374844783663,0.325218977357,-64.7166378842,2.5,0.0,-0.038629942496,-0.000938022215472,0.130087590943,12.0190927067
76,14.0395526116,0.361134268824,0.324875358118,-64.5141629751,2.5,0.0,-0.038751180899,-0.000932960903395,0.129950143247,12.1490428499
77,14.2552595015,0.346714695804,0.324535371839,-64.3142819352,2.5,0.0,-0.0388716149007,-0.000927741720059,0.129814148736,12.2788569987
78,14.470694873,0.3315860646,0.324199029949,-64.1169875818,2.5,0.0,-0.0389912267293,-0.000922364177043,0.12967961198,12.4085366107
79,14.6858587259,0.315748375214,0.323866343802,-63.9222728061,2.5,0.0,-0.0391099986007,-0.000916827834502,0.129546537521,12.5380831482
80,14.9007510604,0.299201627644,0.323537324677,-63.7301305733,2.5,0.0,-0.0392279127237,-0.000911132302316,0.129414929871,12.667498078
81,15.1153718764,0.281945821893,0.32321198377,-63.5405539232,2.5,0.0,-0.039344951305,-0.000905277241488,0.129284793508,12.7967828716
82,15.3297211739,0.263980957958,0.322890332201,-79.5061371564,2.5,0.0,-0.0314441134913,0.0611727653769,0.129156132881,12.9259390044
83,15.5435173973,0.245480514283,0.322572381007,146.153497715,2.5,0.0,0.0171053039379,0.376267624631,0.129028952403,13.0549679568
84,15.7550712132,0.227485361522,0.321075643729,95.7236563016,2.5,0.0,0.0261168461025,0.0701668153646,0.128430257492,13.1833982143
85,15.9641010659,0.210168978116,0.317512200295,92.2669387782,2.5,0.0,0.0270952958135,0.00770403239648,0.127004880118,13.3104030944
86,16.1706069555,0.193531364067,0.313654739645,88.8958359693,2.5,0.0,0.0281228020721,0.00818978743804,0.125461895858,13.4358649903
87,16.374588882,0.177572519374,0.309798860829,85.6092571939,2.5,0.0,0.0292024493839,0.00871248613463,0.123919544332,13.5597845346
88,16.5760468454,0.162292444037,0.305944623663,82.406111795,2.5,0.0,0.0303375556199,0.00927542231657,0.122377849465,13.6821623841
89,16.7749808456,0.147691138056,0.302092090987,79.2853091406,2.5,0.0,0.0315316926565,0.00988222691235,0.120836836395,13.8029992205
90,16.9713908827,0.133768601431,0.298241328862,76.2457586251,2.5,0.0,0.0327887091044,0.0105369069121,0.119296531545,13.922295752
91,17.1652769566,0.120524834162,0.294392406773,73.286369671,2.5,0.0,0.0341127553626,0.0112438893446,0.117756962709,14.0400527147
92,17.3566390675,0.107959836249,0.290545397855,70.4060517313,2.5,0.0,0.0355083112676,0.0120080709876,0.116218159142,14.1562708739
93,17.5454772152,0.0960736076916,0.28670037913,67.603714291,2.5,0.0,0.0369802166378,0.0128348746399,0.114680151652,14.2709510255
94,17.7317913997,0.0848661484906,0.28285743177,64.8782668699,2.5,0.0,0.0385337050543,0.0137303128895,0.113142972708,14.3840939983
95,17.9155816212,0.0743374586457,0.279016641371,62.2286190245,2.5,0.0,0.040174441265,0.014701060505,0.111606656549,14.4957006548
96,18.0968478795,0.0644875381568,0.275178098263,59.6536803507,2.5,0.0,0.0419085626453,0.0157545367098,0.110071239305,14.6057718941
97,18.2755901747,0.055316387024,0.271341897831,57.1523604869,2.5,0.0,0.0437427252121,0.0168989988404,0.108536759132,14.7143086532
98,18.4518085067,0.0468240052472,0.267508140874,54.7235691172,2.5,0.0,0.0456841547496,0.0181436491165,0.107003256349,14.8213119096
99,18.6255028756,0.0390103928265,0.263676933986,52.366215974,2.5,0.0,0.0477407036866,0.0194987565454,0.105470773594,14.9267826832
100,18.7966732814,0.0318755497617,0.259848389979,50.0792108426,2.5,0.0,0.0499209144461,0.0209757963067,0.103939355991,15.0307220392
101,18.9653197241,0.0254194760531,0.256022628329,47.8614635644,2.5,0.0,0.0522340900971,0.022587609405,0.102409051332,15.1331310905
102,19.1314422036,0.0196421717004,0.252199775678,45.3586839619,2.5,0.0,0.0551162375456,0.0285700833864,0.100879910271,15.2340110008
103,19.375893492,0.012248907714,0.329900988028,42.6106068187,2.5,0.0,0.0586708377714,0.0269368716286,0.131960395211,15.365971396
104,19.6146658634,0.00638287477869,0.322271078817,39.6590256058,2.5,0.0,0.0630373530819,0.0338730000729,0.128908431527,15.4948798275
105,19.8477593177,0.00204407289445,0.31465154732,36.8510138713,2.5,0.0,0.0678407386221,0.038164324799,0.125860618928,15.6207404464
106,20.075173855,-0.00076749793871,0.307043166375,34.1828940121,2.5,0.0,0.0731359960077,0.0431149262179,0.12281726655,15.743557713
107,20.2969094752,-0.00205183772079,0.2994467862,31.6509889479,2.5,0.0,0.0789864735069,0.048844049835,0.11977871448,15.8633364275
108,20.5129661784,-0.00180894645178,0.291863344155,29.25162219,2.5,0.0,0.085465345606,0.0554957673579,0.116745337662,15.9800817651
109,20.7233439646,-3.88241316907e-05,0.284293875968,26.9811179222,2.5,0.0,0.0926573912619,0.0632448169295,0.113717550387,16.0937993155
110,20.9280428337,0.00325852923948,0.276739528719,24.8358010949,2.5,0.0,0.100661137945,0.0723039704564,0.110695811487,16.204495127
111,21.1270627857,0.00808311366173,0.269201575877,22.8119975351,2.5,0.0,0.109591454942,0.0829333647802,0.107680630351,16.3121757574
112,21.3204038208,0.0144349291351,0.261681434785,20.9060340751,2.5,0.0,0.119582699953,0.0954523676737,0.104672573914,16.4168483313
113,21.5080659388,0.0223139756595,0.254180687046,18.9206085851,2.5,0.0,0.132131056395,0.123419648722,0.101672274818,16.5185206061
114,21.7494482251,0.0351950637715,0.306822095831,16.8950847939,2.5,0.0,0.147972030357,0.129072956094,0.122728838333,16.6412494444
115,21.9807346589,0.0507912293077,0.294408655621,14.8652709598,2.5,0.0,0.168177223729,0.171574382975,0.117763462248,16.7590129067
116,22.2019252402,0.069102472268,0.282054414389,13.0145184273,2.5,0.0,0.192093162261,0.211979828287,0.112821765756,16.8718346724
117,22.413019969,0.0901287926524,0.269767512508,11.334145254,2.5,0.0,0.220572433472,0.263924211497,0.107907005003,16.9797416774
118,22.6140188453,0.113870190461,0.257557596425,9.69468028183,2.5,0.0,0.257873382858,0.362064154813,0.10302303857,17.082764716
119,22.851070148,0.147365015349,0.29271701478,8.95006812698,2.5,0.0,0.279327482711,0.183232429016,0.117086805912,17.1998515219
120,23.0733163113,0.184680985058,0.274952337663,54.7212492373,2.5,0.0,0.0456860915064,-2.12438083988,0.109980935065,17.309832457
121,23.2897264147,0.221922335781,0.264868338669,-121.197810785,2.5,0.0,-0.0206274352962,-0.625910283727,0.105947335468,17.4157797924
122,23.502482126,0.258141449295,0.260338724179,-115.002921599,2.5,0.0,-0.0217385781617,-0.0106701650798,0.104135489672,17.5199152821
123,23.7115834453,0.293338325599,0.255809961761,-109.02395854,2.5,0.0,-0.0229307395684,-0.0116508500932,0.102323984704,17.6222392668
124,23.9170303725,0.327512964694,0.251282097491,-102.878249073,2.5,0.0,-0.0243005690953,-0.0136284035013,0.100512838997,17.7227521058
125,24.1587428877,0.367173178492,0.287352992589,-96.6078500621,2.5,0.0,-0.0258778142604,-0.0137221919185,0.114941197036,17.8376933029
126,24.3951930783,0.405361370709,0.281017003145,-90.2553801902,2.5,0.0,-0.0276991797578,-0.0162033389179,0.112406801258,17.9501001041
127,24.6263809444,0.442077541344,0.27468282166,-84.1894441214,2.5,0.0,-0.0296949341582,-0.0181641719373,0.109873128664,18.0599732328
128,24.8523064859,0.477321690398,0.26835057619,-78.4033873931,2.5,0.0,-0.0318863774019,-0.0204158611731,0.107340230476,18.1673134633
129,25.0729697029,0.511093817871,0.262020407134,-72.8905555902,2.5,0.0,-0.0342979962186,-0.0230098376981,0.104808162854,18.2721216261
130,25.2883705954,0.543393923762,0.255692468748,-67.3586708589,2.5,0.0,-0.0371147465964,-0.0275404120394,0.102276987499,18.3743986136
131,25.5330206431,0.579216908914,0.284388528024,-61.8482612123,2.48667100241,-0.116860068607,-0.040205996962,-0.027102092806,0.114059470892,18.4884580845
132,25.7705080824,0.613036309137,0.275958538589,-56.3989978761,2.44752154172,-0.35,-0.0433965430928,-0.0285237938477,0.111855601954,18.6003136865
133,26.0008329132,0.644852124429,0.267532985377,-51.2823770946,2.40896006763,-0.35,-0.046974422874,-0.0324743271068,0.110175640267,18.7104893267
134,26.2239951357,0.674664354791,0.259112301328,-46.4878326324,2.37101455004,-0.35,-0.0510029058311,-0.037157723087,0.10841576454,18.8189050913
135,26.4399947498,0.702473000222,0.250696977319,-43.6100211573,2.33371423109,-0.35,-0.0535132561084,-0.023555364183,0.106572339866,18.9254774311
136,26.6781080209,0.731859207025,0.271898143325,19.3046980299,2.29257353471,-0.35,0.118757285463,1.4655728964,0.117544846793,19.0430222779
137,26.9090077604,0.763231582715,0.263285816074,9.40221817561,2.25201983579,-0.35,0.23952005726,1.04224697763,0.115867711194,19.1588899891
138,27.1340223717,0.799445212243,0.257473309369,8.79927138883,2.21164238163,-0.35,0.251343808357,0.102490683733,0.115364154736,19.2742541438
139,27.3531518549,0.840500095608,0.25185398369,8.2169430651,2.17141986628,-0.35,0.264261276861,0.112402566972,0.114921472452,19.3891756163
140,27.5926379563,0.892473650622,0.273413844055,7.66040153179,2.12689316723,-0.35,0.277647739274,0.105223651096,0.127219140125,19.5163947564
141,27.8246756924,0.950574417524,0.266859428232,7.12963997457,2.08251601316,-0.35,0.292092731272,0.113926800955,0.126791868786,19.6431866252
142,28.0492650632,1.01480239631,0.26058102463,6.64647838947,2.03825077648,-0.35,0.30666627604,0.115231297776,0.126472104797,19.76965873
143,28.2664060687,1.08515758699,0.254599048942,6.19349862034,1.99405288133,-0.35,0.321959041823,0.12110232866,0.126279700413,19.8959384304
144,28.4989381156,1.17051625724,0.273496997725,5.7753393439,1.94545598643,-0.35,0.33685570156,0.107287326045,0.138848271145,20.0347867016
145,28.7222746498,1.26343938662,0.267038051972,5.39032961079,1.89680583054,-0.35,0.351890509022,0.108163735866,0.139000445411,20.173787147
146,28.9364156713,1.36392697511,0.261076870128,5.07038734579,1.8480039366,-0.35,0.364469972523,0.090218060599,0.139433982692,20.3132211297
147,29.1413561108,1.4719347114,0.25564825426,7.89037137253,1.79893434335,-0.35,0.227991086657,-0.973466599071,0.140198837839,20.4534199675
148,29.3554504556,1.59319239458,0.270110485208,11.9433951921,1.74559085471,-0.35,0.146155329086,-0.536944918281,0.15240996755,20.6058299351
149,29.5571914801,1.71287973263,0.257604064039,10.2732973301,1.69315226345,-0.35,0.164810986097,0.124516692705,0.149824546462,20.7556544815
150,29.7631836868,1.84165676565,0.265008901161,8.74121190563,1.63745484103,-0.35,0.187325837505,0.141482274228,0.159135492628,20.9147899741
151,29.9544744214,1.96856495819,0.250500218136,7.31288518352,1.5830060656,-0.35,0.216468059578,0.187327954479,0.155567929808,21.070357904
152,30.1451158476,2.10393989887,0.25372572083,6.00742040528,1.52587686238,-0.35,0.253998681537,0.229929999806,0.163226294916,21.2335841989
153,30.3311263166,2.24727544339,0.25362579688,4.81225349111,1.46654769487,-0.35,0.304752793587,0.299413255966,0.16951190717,21.403096106
154,30.5082178992,2.39802651328,0.250176499553,3.70559828061,1.4055741146,-0.35,0.379310979809,0.427978233578,0.174210229335,21.5773063354
155,30.6812712258,2.56562132658,0.257271560775,2.64719234792,1.3399807831,-0.35,0.506189429022,0.677011766475,0.187409518557,21.7647158539
156,30.8415814447,2.75266579204,0.261268987763,2.01880374511,1.26990559006,-0.35,0.629038653774,0.613587016925,0.200214837281,21.9649306912
157,30.9730904656,2.9504219703,0.251193346941,1.57326225002,1.19867629692,-0.35,0.761904950622,0.65286628365,0.203512266104,22.1684429573
158,31.0736369963,3.16898114452,0.25318842409,1.27922358689,1.12231589489,-0.35,0.877341464306,0.529106431057,0.218172577213,22.3866155345
159,31.1306172104,3.4086368513,0.257918089268,1.07905030545,1.03877346204,-0.35,0.962673803808,0.357498792006,0.23869266529,22.6253081998
160,31.1292777169,3.64928226402,0.251481210932,0.926082125919,0.962331609124,-0.304134410201,1.03914283862,0.304242557099,0.251342335348,22.8766505352
161,31.0615745124,3.87980422206,0.25028955081,1.09851074527,1.04809863337,0.344458286005,0.95410867657,-0.341514958334,0.248991032387,23.1256415676
162,30.9420061201,4.09011238686,0.251905566582,1.4834697206,1.12909018324,0.35,0.761114411411,-0.834012843534,0.231404428188,23.3570459957
163,30.7863232008,4.28025268722,0.256576595053,2.06231265157,1.20600508225,0.35,0.584782855951,-0.802393882076,0.219756854331,23.5768028501
164,30.6087763525,4.45026667776,0.257989812519,3.90727134488,1.27868726715,0.35,0.327258374013,-1.24010538209,0.207663385433,23.7844662355
165,30.4189885266,4.61020344774,0.263142721307,-9.62911220523,1.34879243477,0.35,-0.140074433242,-2.33315871137,0.200300478907,23.9847667144
166,30.2387210377,4.77012673051,0.256924476708,-7.11056286513,1.41389114354,0.35,-0.198843772337,-0.315970455807,0.185996310779,24.1707630252
167,30.0599537883,4.94003493065,0.262047041571,-6.34849755141,1.47733580979,0.35,-0.232706368369,-0.186807013296,0.181270474993,24.3520335002
168,29.8943403739,5.10993253121,0.252096278991,-5.64128131441,1.53589989589,0.35,-0.272260823434,-0.236391621482,0.167325960273,24.5193594605
169,29.7333222191,5.28981255512,0.25572426937,-4.99542564665,1.52283852177,-0.0781140697154,-0.304846599566,-0.194880535915,0.167208982562,24.686568443
170,29.5793571337,5.47967302184,0.258203143625,7.01840801197,1.462290998,-0.35,0.208350810541,2.96658033839,0.172992925041,24.8595613681
171,29.4138477986,5.66961001905,0.26326746657,1.95400773624,1.39785826758,-0.35,0.715380109124,2.75419423232,0.184093515494,25.0436548836
172,29.2333338474,5.8297195986,0.253680946923,2.76877725192,1.45999465721,0.35,0.527306649965,-1.05937456449,0.177532541806,25.2211874254
173,29.0296723122,5.97995824298,0.267171933117,3.77034382395,1.52269653978,0.35,0.403861454255,-0.689067325033,0.17914823592,25.4003356613
174,28.8262142228,6.11027146066,0.257618240997,4.92729072193,1.58080280901,0.35,0.320825966686,-0.500159811278,0.166017912069,25.5663535733
175,28.6161940421,6.23064827084,0.259762909115,6.19788382503,1.63730618925,0.35,0.264171810164,-0.35093395649,0.161438229256,25.7277918026
176,28.4049428215,6.34106762884,0.257689775281,7.57178106371,1.69149472362,0.35,0.223394563233,-0.263377420898,0.15482438393,25.8826161865
177,28.1973473579,6.4415102437,0.251488203163,9.97257760393,1.74275533058,0.35,0.174754752461,-0.332105583238,0.146458877015,26.0290750636
178,27.976472045,6.54197887325,0.265450279865,-549.4342723,1.79527472498,0.35,-0.00326749679715,-1.18637672704,0.150055412587,26.1791304761
179,27.7564566766,6.64217342201,0.266600952852,-38.8724994421,1.84651888838,0.35,-0.0475019336262,-0.302123244144,0.146411895432,26.3255423716
180,27.5407406621,6.74202089376,0.262142219774,-36.9366976999,1.89555573883,0.35,-0.0513190365372,-0.0272445315464,0.140105286981,26.4656476585
181,27.3293240013,6.84152128853,0.257693700018,-35.0706189531,1.93059407862,0.260118771594,-0.0550487597952,-0.0276888413681,0.134701311926,26.6003489705
182,27.1222066943,6.9406746063,0.253255931841,-33.2139253846,1.88412163729,-0.35,-0.0567268582522,-0.0126383388345,0.132778403793,26.7331273743
183,26.8993434103,7.04934238191,0.271209372428,-31.3726900717,1.83304876733,-0.35,-0.0584281667634,-0.0116589880179,0.145922485604,26.8790498599
184,26.6816823444,7.15759019437,0.265913463986,-29.5518972552,1.78155223292,-0.35,-0.0602855450374,-0.0126238086373,0.147132955459,27.0261828153
185,26.4692234967,7.26541804366,0.260634326839,-27.808612191,1.72959079838,-0.35,-0.0621962285099,-0.0128699144139,0.148461241548,27.1746440569
186,26.261966867,7.37282592978,0.255373001234,-26.141041495,1.67711753582,-0.35,-0.0641564926225,-0.0130750863591,0.149923607296,27.3245676642
187,26.0599124554,7.47981385274,0.250130611291,3.63065120179,1.62407875457,-0.35,0.447324368084,3.37523406523,0.151539374995,27.4761070392
188,25.8421497128,7.57767145806,0.252513088301,2.46087263925,1.5687168767,-0.35,0.6374636589,1.20206818018,0.158176793922,27.6342838331
189,25.6028095607,7.65740534125,0.27216868148,4.80677080072,1.62830915869,0.35,0.338753235009,-1.75439914143,0.170263662833,27.8045474959
190,25.3850896348,7.71805583554,0.254449742766,7.72006371116,1.6821134136,0.35,0.217888540372,-0.786232300671,0.153726442597,27.9582739385
191,25.1346141559,7.77943497146,0.291558907922,10.9986104032,1.74172235783,0.35,0.158358401105,-0.349537288629,0.170311269223,28.1285852077
192,24.9008629872,7.83114085263,0.279257674973,14.5888196615,1.79696331188,0.35,0.123174002666,-0.22292409074,0.157831297288,28.286416505
193,24.6974842757,7.87286987839,0.252809829616,18.27598929,1.84554708013,0.35,0.10098206181,-0.159871899184,0.138810766427,28.4252272715
194,24.4795475407,7.91492274487,0.270721561649,22.1930324476,1.89619332298,0.35,0.0854409296009,-0.107399798421,0.144703551012,28.5699308225
195,24.2470527821,7.95729945207,0.288669669285,26.6412335447,1.94874777399,0.35,0.0731478056646,-0.0818692479018,0.150155574301,28.7200863968
196,24.0,8.0,0.306647753678,31.2201373686,2.00306547926,0.35,0.0641594063348,-0.0579173908349,0.15519344363,28.8752798404
197,23.8051567104,8.03223793142,0.257918974198,35.8167748072,2.04763634373,0.35,0.0571697578788,-0.0548873572231,0.127345327042,29.0026251674
198,23.6021245326,8.06465802325,0.268730564643,40.3207013442,2.09306616986,0.35,0.0519104603857,-0.0405186257432,0.12979950323,29.1324246707
199,23.3909034666,8.09726027548,0.279550683435,45.1907231122,2.13930163133,0.35,0.0473393980888,-0.0346027000275,0.13210131849,29.2645259892
200,23.1714935123,8.13004468813,0.290378376458,50.4412679586,2.18629282881,0.35,0.0433433360677,-0.0297634829971,0.134260564245,29.3987865534
201,22.9438946697,8.16301126118,0.30121282629,56.0867640071,2.23399313153,0.35,0.0398310220081,-0.0257715329011,0.136286579191,29.5350731326
202,22.7081069389,8.19615999463,0.312053328655,62.141639613,2.28235900808,0.35,0.0367283358195,-0.0224526100504,0.138188218725,29.6732613513
203,22.4641303199,8.2294908885,0.322899273563,68.620323324,2.33134985218,0.35,0.0339746264554,-0.0196730286069,0.139973840284,29.8132351916
204,22.2119648126,8.26300394277,0.333750130088,74.7521051415,2.38092780746,0.35,0.0318509800219,-0.0149920715278,0.141651300791,29.9548864924
205,22.039305092,8.28544717918,0.257096844724,80.4091723901,2.41842614434,0.35,0.0300764959078,-0.0165625862788,0.107138105381,30.0620245978
206,21.8630058656,8.30797137577,0.262525874717,85.4767382651,2.45612563358,0.35,0.0287344332907,-0.0124596360713,0.1077128264,30.1697374242
207,21.6830671332,8.33057653254,0.267956188355,90.7540389072,2.4940173335,0.35,0.0274810615983,-0.0115772080249,0.108261999759,30.2779994239
208,21.499488895,8.35326264949,0.273387709126,96.24534963,2.5,0.0546431664827,0.0259752809836,-0.0137531685574,0.1094860874,30.3874855113
209,21.3122711509,8.37602972662,0.278820366467,101.954945758,2.5,0.0,0.0245206348884,-0.0130428608357,0.111528146587,30.4990136579
210,21.1214139009,8.39887776393,0.284254095194,107.887102636,2.5,0.0,0.023172371293,-0.0118579082781,0.113701638078,30.612715296
211,20.926917145,8.42180676142,0.289688835006,114.046095612,2.5,0.0,0.0219209608762,-0.0107996086282,0.115875534002,30.72859083
212,20.7287808832,8.4448167191,0.29512453003,120.436200058,2.5,0.0,0.0207578784353,-0.00985247177521,0.118049812012,30.846640642
213,20.5270051156,8.46790763695,0.300561128432,127.061691343,2.5,0.0,0.0196754818355,-0.00900313195345,0.120224451373,30.9668650934
214,20.321589842,8.49107951499,0.305998582049,133.926844856,2.5,0.0,0.0186669073156,-0.00824002609055,0.12239943282,31.0892645262
215,20.1125350626,8.51433235321,0.311436846079,141.035935989,2.5,0.0,0.0177259787193,-0.00755312520128,0.124574738431,31.2138392646
216,19.8998407772,8.5376661516,0.316875878787,148.393240147,2.5,0.0,0.0168471285991,-0.00693370952988,0.126750351515,31.3405896162
217,19.683506986,8.56108091018,0.322315641253,184.583241537,2.5,0.0,0.0135440247944,-0.0256201017106,0.128926256501,31.4695158727
218,19.4665859725,8.58430020985,0.326990007797,226.163053185,2.5,0.0,0.0110539717464,-0.0190376845512,0.130796003119,31.6003118758
219,19.2521300201,8.60704763151,0.326302315651,218.429415188,2.5,0.0,0.0114453449314,0.00299854740698,0.130520926261,31.730832802
220,19.0401391288,8.62932317517,0.322550616578,210.874734108,2.5,0.0,0.0118553795009,0.00317806375474,0.129020246631,31.8598530487
221,18.8306132988,8.65112684081,0.318799224752,203.496907772,2.5,0.0,0.0122851989614,0.00337061249771,0.127519689901,31.9873727386
222,18.6235525299,8.67245862846,0.315048151152,196.293833995,2.5,0.0,0.0127360088146,0.00357730914728,0.126019260461,32.113391999
223,18.4189568222,8.69331853809,0.311297407281,189.263410616,2.5,0.0,0.0132091036078,0.00379937948583,0.124518962913,32.2379109619
224,18.2168261757,8.71370656972,0.307547005206,182.403535448,2.5,0.0,0.0137058746907,0.00403817200696,0.123018802082,32.360929764
225,18.0171605904,8.73362272335,0.303796957584,175.712106341,2.5,0.0,0.0142278187432,0.00429517181972,0.121518783034,32.4824485471
226,17.8199600663,8.75306699896,0.300047277709,169.187021109,2.5,0.0,0.014776547182,0.00457201647519,0.120018911084,32.6024674581
227,17.6252246033,8.77203939657,0.296297979543,162.826177602,2.5,0.0,0.0153537965259,0.0048705136701,0.118519191817,32.72098665
228,17.4329542015,8.79053991618,0.292549077764,156.627473652,2.5,0.0,0.0159614398528,0.00519266144618,0.117019631105,32.8380062811
229,17.2431488609,8.80856855778,0.288800587809,150.588807105,2.5,0.0,0.0166014994611,0.00554067092741,0.115520235123,32.9535265162
230,17.0558085814,8.82612532137,0.285052525927,144.708075804,2.5,0.0,0.0172761608923,0.00591699221945,0.114021010371,33.0675475266
231,16.8709333632,8.84321020696,0.281304909231,138.983177605,2.5,0.0,0.0179877884726,0.0063243437718,0.112521963692,33.1800694903
232,16.6885232061,8.85982321454,0.277557755755,133.412010351,2.5,0.0,0.0187389425691,0.00676574587589,0.111023102302,33.2910925926
233,16.5085781102,8.87596434411,0.273811084521,127.99247191,2.5,0.0,0.019532398763,0.00724455873731,0.109524433808,33.4006170264
234,16.3310980754,8.89163359568,0.270064915601,122.722460135,2.5,0.0,0.0203711691996,0.00776452612053,0.10802596624,33.5086429926
235,16.1560831019,8.90683096924,0.266319270195,117.599872902,2.5,0.0,0.0212585263769,0.00832982510725,0.106527708078,33.6151707007
236,15.9835331895,8.9215564648,0.26257417071,112.622608075,2.5,0.0,0.0221980297095,0.00894512329597,0.105029668284,33.720200369
237,15.8134483383,8.93581008235,0.258829640846,107.788563534,2.5,0.0,0.0231935552161,0.00961564432282,0.103531856338,33.8237322253
238,15.6458285483,8.94959182189,0.255085705693,103.095637166,2.5,0.0,0.0242493287662,0.0103472433633,0.102034282277,33.9257665076
239,15.4806738195,8.96290168343,0.25134239183,97.7928627516,2.5,0.0,0.0255642378151,0.0130788626552,0.100536956732,34.0263034643
240,15.2375637159,8.98198170447,0.328885621838,91.9604445818,2.45760531777,-0.31952765357,0.0267245915235,0.0087455567125,0.132679227473,34.1589826918
241,15.0,9.0,0.32140236297,85.6867739488,2.41139840007,-0.35,0.0281420140932,0.010736442162,0.132019764862,34.2910024567
242,14.7679826717,9.01695657002,0.313921314077,79.7069712195,2.36539580705,-0.35,0.0296761471532,0.0116720935874,0.131435980059,34.4224384367
243,14.5415117311,9.03285141452,0.306442637062,74.0139419597,2.31960933738,-0.35,0.0313401674868,0.0127200703827,0.130818484768,34.5532569215
244,14.3205871782,9.04768453351,0.298966509984,68.6005917938,2.27405165312,-0.35,0.0331491550387,0.0138976695917,0.130164812163,34.6834217336
245,14.1052090129,9.06145592698,0.291493129111,63.4598264119,2.22873635289,-0.35,0.0351204293945,0.0152254541177,0.12947228638,34.81289402
246,13.8953772352,9.07416559494,0.2840227113,58.5845515769,2.18367805154,-0.35,0.037273956918,0.0167279859796,0.128738003853,34.9416320239
247,13.6910918452,9.08581353739,0.276555496763,53.9676731373,2.13889246692,-0.35,0.0396328457867,0.0184347510706,0.127958813202,35.0695908371
248,13.4923528429,9.09639975432,0.269091752276,49.6020970379,2.09439651414,-0.35,0.0422239509862,0.0203813327558,0.127131293649,35.1967221307
249,13.2991602282,9.10592424574,0.261631774945,45.4807293339,2.05020840794,-0.35,0.0450786176467,0.0226109108776,0.126251732005,35.3229738627
250,13.1115140011,9.11438701165,0.254175896612,41.1758242574,2.00634777353,-0.35,0.0487263536241,0.0291082791967,0.125316098307,35.448289961
251,12.8699467458,9.1240191265,0.306854072057,36.7678636337,1.9520844085,-0.35,0.0530921357832,0.0281593991612,0.1550381858,35.6033281468
252,12.6382397353,9.13176372933,0.294446153492,32.3379056637,1.89855767109,-0.35,0.058709976176,0.0367338685802,0.15293353545,35.7562616823
253,12.4163929694,9.13762082013,0.282050736059,28.2832502237,1.84582927575,-0.35,0.0652622757693,0.0434927868151,0.150652558116,35.9069142404
254,12.2044064483,9.14159039891,0.26966954528,24.5870852483,1.79396684293,-0.35,0.0729637866716,0.0519745925725,0.148178379496,36.0550926199
255,12.0022801718,9.14367246566,0.257304637036,21.0775974512,1.74304440208,-0.35,0.0826965410128,0.0668951441111,0.145492688155,36.2005853081
256,11.7630803342,9.14363182825,0.292202746974,18.7725247872,1.6833484086,-0.35,0.0896708582186,0.0408907010298,0.170559981368,36.3711452894
257,11.5351055269,9.14075565584,0.277293613766,16.5066346191,1.62467114675,-0.35,0.0984253413396,0.0522190197026,0.167649319556,36.538794609
258,11.3174378372,9.13506890753,0.2649784677,14.3363214117,1.56654760786,-0.35,0.109271239314,0.0653102746928,0.166067253971,36.7048618629
259,11.1100772652,9.12657158333,0.252713592149,12.2486223274,1.50903011673,-0.35,0.123199987427,0.0847579013537,0.164335688952,36.8691975519
260,10.874849974,9.11266483409,0.279172834987,10.2765826137,1.44282740087,-0.35,0.140399533105,0.0909304234601,0.189150616737,37.0583481686
261,10.6544649322,9.09471085556,0.262198649579,8.34992855135,1.3777560938,-0.35,0.165002141674,0.132330413921,0.185918020207,37.2442661888
262,10.4161080043,9.06864929914,0.278823472182,6.61898871402,1.30500399366,-0.35,0.197160631336,0.154709917107,0.207863143249,37.4521293321
263,10.1979530268,9.03707901395,0.256646780701,5.03190567517,1.23425389486,-0.35,0.245285578574,0.238073611472,0.202143139427,37.6542724715
264,9.97337013499,8.99425330586,0.26243850668,3.64554202182,1.15744361517,-0.35,0.317495617454,0.329038166646,0.219457941967,37.8737304135
265,9.7522541616,8.93747402201,0.259313363876,2.4243404808,1.07617673622,-0.35,0.443904948479,0.544419404698,0.232191082709,38.1059214962
266,9.52735262284,8.85571058557,0.267564611528,1.45274609578,0.98532286055,-0.35,0.67824850014,0.90277098772,0.259582501929,38.3655039981
267,9.32587630925,8.74154307616,0.25637484485,0.791398748127,0.88960595104,-0.35,1.12409319973,1.63028294222,0.273476884312,38.6389808824
268,9.16738875456,8.56363169351,0.25993754044,0.84178182821,0.917486691026,0.0969138201388,1.08993406638,-0.118737598314,0.287685904296,38.9266667867
269,9.07112536611,8.3472159292,0.250791689844,1.43359991155,1.00863076054,0.35,0.703565027044,-1.48368582283,0.260411627173,39.1870784139
270,9.01270580806,8.11648787132,0.250932144257,1.31177995403,1.09224013481,0.35,0.832639751391,0.540324023669,0.238883926484,39.4259623404
271,8.99873166878,7.87099798292,0.258040592222,1.32231417113,1.01424828972,-0.318339292034,0.767025198594,-0.267818901589,0.24499597455,39.6709583149
272,9.0305338187,7.63412625336,0.250653708327,1.45797272798,0.923710992336,-0.35,0.633558484744,-0.515956972422,0.258677992514,39.9296363075
273,9.10151066941,7.4063222196,0.250269562221,0.678053303809,0.823439921189,-0.35,1.21441768157,2.02751119104,0.286488774706,40.2161250822
274,9.25901745596,7.22402849185,0.253910068035,0.696903205382,0.834807286374,0.0371192480073,1.19788125514,-0.0539984159726,0.3062391022,40.5223641844
275,9.48233733102,7.11531586849,0.260002081201,1.41994666386,0.937499153185,0.35,0.660235470137,-1.83243357622,0.293405333747,40.8157695181
276,9.71479084272,7.04978909769,0.258253178021,2.58311728721,1.0294085131,0.35,0.398514042779,-0.996661272177,0.262598171178,41.0783676893
277,9.96910508022,7.00427071448,0.279808745928,4.032228333,1.12051238681,0.35,0.27788912092,-0.463413035382,0.260296782026,41.3386644713
278,10.1964482042,6.97768062448,0.255569413256,5.75609396762,1.19768384738,0.35,0.208072323717,-0.316643987825,0.220489887343,41.5591543587
279,10.4496415946,6.95880199431,0.284027951881,7.64954438332,1.27799302212,0.35,0.167067861572,-0.178703887782,0.229454784977,41.7886091436
280,10.6872392024,6.94875800383,0.27199879726,9.69985174045,1.35043153202,0.35,0.139221873504,-0.134543019139,0.206967171138,41.9955763148
281,10.8997450114,6.94471587186,0.250343522155,11.8216320758,1.41382664714,0.35,0.119596569922,-0.108349929484,0.181128900363,42.1767052151
282,11.1254397319,6.94460815818,0.266095227756,14.0871057181,1.47823288003,0.35,0.104935173315,-0.0796737921576,0.184017808248,42.3607230234
283,11.3643233637,6.94843486277,0.2819345084,16.6379747998,1.54354352173,0.35,0.0927723199674,-0.0651807815777,0.186601833435,42.5473248568
284,11.6163959069,6.95619598564,0.297847374558,19.2940348191,1.60966448854,0.35,0.0834280907872,-0.0494620749041,0.188917048027,42.7362419048
285,11.8275499577,6.9652376651,0.260184643051,22.0082143065,1.66527745911,0.35,0.0756661779059,-0.0488495665829,0.158894201613,42.8951361065
286,12.0471449118,6.97679737226,0.270863833182,26.3520331279,1.7212651449,0.35,0.0653181155527,-0.0646896147342,0.159964816543,43.055100923
287,12.2748793083,6.9907280347,0.281568567674,-55.0296537458,1.77759716933,0.35,-0.0323025323318,-0.606532910962,0.160948641236,43.2160495642
288,12.504121009,7.00379405923,0.28733288534,-24.7022842056,1.83329886165,0.35,-0.0742157626555,-0.263360591049,0.159147692359,43.3751972566
289,12.7321568664,7.01467179408,0.285985695125,-24.2811587091,1.88710749634,0.35,-0.0777190050502,-0.0227869531602,0.153738956236,43.5289362128
290,12.9589868804,7.02336123927,0.284352917438,-23.8711782567,1.93912912023,0.35,-0.0812330710861,-0.0236425359387,0.148633211133,43.677569424
291,13.1846110511,7.02986239478,0.282745210135,-23.4722070402,1.98950832922,0.35,-0.0847601729915,-0.024503871572,0.143940597102,43.8215100211
292,13.4090293785,7.03417526062,0.281163003266,-23.0841109892,2.03837128471,0.35,-0.0883019183914,-0.0253691345026,0.139608444252,43.9611184653
293,13.6322418625,7.03629983679,0.279606729716,-22.7067578196,2.08582890121,0.35,-0.0918593890761,-0.0262363521689,0.135593190006,44.0967116553
294,13.8542485033,7.03623612329,0.278076824884,-22.3400170847,2.13197935791,0.35,-0.0954332017662,-0.0271034033265,0.131858447706,44.228570103
295,14.0750493007,7.03398412012,0.27657372634,-21.9837602259,2.17691010172,0.35,-0.0990235555404,-0.0279680173143,0.128373553758,44.3569436568
296,14.2946442547,7.02954382728,0.27509787347,-21.6378606251,2.20275040684,0.205693636267,-0.101800748466,-0.022106972381,0.12562520448,44.4825688613
297,14.5130333655,7.02291524477,0.273649707083,-21.3021936569,2.15883175812,-0.35,-0.101343166478,0.00364659889395,0.12548185348,44.6080507147
298,14.7302166329,7.01409837258,0.27222966901,-20.9766367424,2.11423598294,-0.35,-0.100790036501,0.00434111731867,0.127416500513,44.7354672153
299,14.946194057,7.00309321073,0.270838201675,-20.6610694034,2.06891446183,-0.35,-0.100135884616,0.00505175364841,0.129490060303,44.8649572756
300,15.1609656378,6.9898997592,0.269475747646,-20.3553733163,2.02281339402,-0.35,-0.0993749101325,0.00577732972415,0.131717336606,44.9966746122
301,15.3745313752,6.974518018,0.268142749159,-20.059432368,1.97587299759,-0.35,-0.0985009426661,0.00651653238011,0.134115418364,45.1307900305
302,15.5868912693,6.95694798713,0.266839647634,-19.7731327112,1.92802654268,-0.35,-0.0975073889826,0.0072679112763,0.136704156898,45.2674941874
303,15.7980453201,6.93718966659,0.265566883151,-19.4963628205,1.87919917281,-0.35,-0.0963871666787,0.00802987765614,0.13950677107,45.4070009585
304,16.0079935275,6.91524305638,0.264324893923,-19.2290135486,1.82930645473,-0.35,-0.0951326208237,0.00880070411541,0.142550623065,45.5495515816
305,16.2167358917,6.89110815649,0.263114115739,-18.9709781829,1.77825257607,-0.35,-0.0937354183283,0.00957852539767,0.145868224743,45.6954198063
306,16.4242724125,6.86478496694,0.261934981391,-18.7221525026,1.72592808,-0.35,-0.0921864128476,0.0103613404607,0.149498560205,45.8449183665
307,16.6306030899,6.83627348771,0.260787920085,-18.4824348348,1.67220698279,-0.35,-0.0904754702361,0.0111470156986,0.153488849187,45.9984072157
308,16.8357279241,6.80557371881,0.259673356828,-18.2517261115,1.61694305512,-0.35,-0.0885912403703,0.0119332895956,0.157896936191,46.1563041519
309,17.0396469149,6.77268566025,0.258591711811,-18.0299299267,1.55996495,-0.35,-0.0865208548421,0.0127177787568,0.162794586053,46.3190987379
310,17.2423600624,6.73760931201,0.257543399767,-17.8169525917,1.50106970704,-0.35,-0.0842495201865,0.0134979853973,0.168272122744,46.4873708607
311,17.4438673665,6.70034467409,0.256528829321,-17.6127031922,1.44001391829,-0.35,-0.0817599605565,0.0142713064285,0.174445110715,46.6618159714
312,17.6441688274,6.66089174651,0.25554840233,-17.4170936429,1.37650143597,-0.35,-0.0790316377802,0.0150350440872,0.181464235189,46.8432802066
313,17.8432644449,6.61925052926,0.25460251321,-17.2300387431,1.31016580782,-0.35,-0.0760396321425,0.0157864182853,0.189530366142,47.0328105727
314,18.041154219,6.57542102233,0.253691548261,-17.0514562304,1.24054438059,-0.35,-0.072752987418,0.0165225807521,0.198918363531,47.2317289363
315,18.2378381499,6.52940322574,0.252815884984,-16.8812668344,1.16703866291,-0.35,-0.0691321732162,0.0172406312134,0.210016336231,47.4417452725
316,18.4333162374,6.48119713947,0.251975891395,-16.7193943294,1.08885082392,-0.35,-0.0651250160422,0.0179376361979,0.223393825688,47.6651390982
317,18.6275884816,6.43080276353,0.251171925341,-16.565765585,1.00487599683,-0.35,-0.0606597981647,0.0186106516838,0.23992807739,47.9050671756
318,18.8206548825,6.37822009792,0.250404333817,-16.40871272,0.91350573908,-0.35,-0.0556719929629,0.0191061277886,0.261057879284,48.1661250549
319,19.0602921664,6.30941448356,0.299502901827,-16.2515900789,0.790468661019,-0.35,-0.0486394658728,0.0200052254193,0.351534508746,48.5176595636
320,19.2980453201,6.23718966659,0.298476114417,-16.0937158679,0.644908849344,-0.35,-0.0400720911588,0.0206003368332,0.415885176216,48.9335447398
321,19.5339143436,6.161545647,0.297519556222,-15.9482699431,0.455679420872,-0.35,-0.0285723418588,0.0212700122148,0.54065550992,49.4742002497
322,19.7678992369,6.08248242481,0.29663390658,99999,0,-0.35,0.0,0.0219459540908,1.30194120249,50.7761414522
